City_ID,City,Lat,Lng,Max Temp,Humidity,Cloudiness,Wind Speed,Country,Date
0,jamestown,42.097,-79.2353,8.62,91,100,7.72,US,1680378076
1,kavaratti,10.5669,72.642,27.42,68,5,3.2,IN,1680378391
2,esperance,-33.8667,121.9,17.95,84,100,5.76,AU,1680377924
3,punta arenas,-53.15,-70.9167,12.06,54,20,11.32,CL,1680377875
4,ushuaia,-54.8,-68.3,8.81,61,0,3.09,AR,1680378077
5,new norfolk,-42.7826,147.0587,12.18,88,100,0.45,AU,1680378080
6,mar del plata,-38.0023,-57.5575,20.01,54,0,4.63,AR,1680378087
7,kaitangata,-46.2817,169.8464,12.74,92,68,3.4,NZ,1680378086
8,arraial do cabo,-22.9661,-42.0278,27.92,74,20,6.69,BR,1680378090
9,lorengau,-2.0226,147.2712,26.71,79,99,1.61,PG,1680378140
10,bluff,-46.6,168.3333,13.22,80,100,8.23,NZ,1680378086
11,banikoara,11.2985,2.4386,31.71,9,100,2.16,BJ,1680378392
12,hermanus,-34.4187,19.2345,17.11,83,0,3.96,ZA,1680378392
13,hilo,19.7297,-155.09,27.93,77,75,2.06,US,1680378033
14,tuktoyaktuk,69.4541,-133.0374,-22.0,64,0,5.66,CA,1680378136
15,butaritari,3.0707,172.7902,27.45,75,100,5.67,KI,1680378078
16,kaeo,-35.1,173.7833,18.51,96,100,0.84,NZ,1680378392
17,san alberto,7.7611,-73.3922,32.1,60,83,0.91,CO,1680378392
18,rikitea,-23.1203,-134.9692,26.74,81,41,6.69,PF,1680378054
19,mataura,-46.1927,168.8643,13.04,98,100,2.1,NZ,1680378369
20,port alfred,-33.5906,26.891,20.1,88,27,0.45,ZA,1680378079
21,hami,42.8,93.45,0.73,24,100,6.63,CN,1680378171
22,lasa,46.6166,10.7002,8.49,88,100,2.05,IT,1680378107
23,tiksi,71.6872,128.8694,-18.22,81,93,10.92,RU,1680378114
24,kendari,-3.945,122.4989,23.92,94,100,1.59,ID,1680378393
25,lebu,-37.6167,-73.65,16.77,79,98,4.53,CL,1680378121
26,tarrafal,15.2833,-23.7667,31.44,65,0,5.15,CV,1680378393
27,maroantsetra,-15.4333,49.7333,25.31,86,93,1.88,MG,1680378393
28,nome,64.5011,-165.4064,-1.58,100,100,6.69,US,1680378160
29,henties bay,-22.116,14.2845,16.14,89,5,3.39,NA,1680378125
30,nanortalik,60.1432,-45.2371,-1.63,77,16,2.46,GL,1680378171
31,sanandaj,35.3144,46.9923,1.01,55,20,2.06,IR,1680378393
32,touros,-5.1989,-35.4608,27.13,76,100,5.65,BR,1680378127
33,sao felix do xingu,-6.6447,-51.995,27.59,76,80,0.61,BR,1680378394
34,tacuati,-23.45,-56.5833,30.95,56,51,1.5,PY,1680378394
35,albany,42.6001,-73.9662,22.54,33,0,0.45,US,1680378055
36,airai,-8.9266,125.4092,15.38,95,100,0.8,TL,1680378095
37,provideniya,64.3833,-173.3,-6.87,95,97,4.34,RU,1680378080
38,sao joao da barra,-21.6403,-41.0511,31.05,83,75,3.6,BR,1680377885
39,chuy,-33.6971,-53.4616,20.22,55,15,4.74,UY,1680378135
40,bonavista,48.6499,-53.1147,0.8,81,51,1.6,CA,1680378142
41,kapaa,22.0752,-159.319,22.18,86,100,2.57,US,1680378094
42,yellowknife,62.456,-114.3525,-12.71,66,100,10.29,CA,1680377934
43,quatre cocos,-20.2078,57.7625,26.16,75,10,4.11,MU,1680378177
44,okha,53.5739,142.9478,-3.64,93,21,3.38,RU,1680378395
45,timiryazevskiy,56.49,84.8769,-6.75,58,95,1.72,RU,1680378395
46,hithadhoo,-0.6,73.0833,27.8,71,100,2.22,MV,1680378096
47,diamantino,-14.4086,-56.4461,30.03,63,50,1.35,BR,1680378395
48,maler kotla,30.5167,75.8833,15.45,95,5,2.88,IN,1680378395
49,chokurdakh,70.6333,147.9167,-34.2,100,98,3.12,RU,1680378084
50,la tuque,47.4334,-72.7824,0.14,100,100,2.06,CA,1680378396
51,georgetown,5.4112,100.3354,27.96,89,20,1.03,MY,1680378001
52,busselton,-33.65,115.3333,14.38,90,1,3.49,AU,1680378080
53,tuatapere,-46.1333,167.6833,10.5,87,100,5.77,NZ,1680378107
54,tooele,40.5308,-112.2983,12.21,46,100,6.71,US,1680378396
55,santa cruz,-17.8,-63.1667,30.7,51,20,5.14,BO,1680378396
56,thompson,55.7435,-97.8558,-7.91,38,40,3.09,CA,1680378077
57,tasiilaq,65.6145,-37.6368,-0.91,85,100,1.62,GL,1680378103
58,fonte boa,-2.4959,-66.2662,25.27,96,100,0.91,BR,1680378396
59,sorata,-15.7667,-68.6333,10.32,82,97,3.61,BO,1680378397
60,east london,-33.0153,27.9116,21.8,81,97,5.2,ZA,1680378120
61,teya,60.3778,92.6267,-19.09,100,65,2.0,RU,1680378397
62,carnarvon,-24.8667,113.6333,24.04,77,76,5.46,AU,1680378146
63,severo-kurilsk,50.6789,156.125,-0.04,94,28,7.0,RU,1680377938
64,flinders,-34.5833,150.8552,15.66,89,96,0.89,AU,1680378128
65,port blair,11.6667,92.75,25.95,75,13,1.72,IN,1680378155
66,san quintin,30.4833,-115.95,16.55,64,0,6.54,MX,1680378100
67,hobart,-42.8794,147.3294,12.37,80,100,4.12,AU,1680378081
68,naze,28.3667,129.4833,17.51,88,16,6.73,JP,1680378083
69,nyurba,63.2842,118.3319,-25.3,99,64,2.61,RU,1680378193
70,nizhniy ingash,56.2,96.53,-17.19,99,57,1.13,RU,1680378397
71,izumo,35.3667,132.7667,11.97,80,100,4.37,JP,1680378397
72,sao filipe,14.8961,-24.4956,26.59,57,0,1.9,CV,1680378110
73,tougan,13.0667,-3.0667,31.08,7,63,4.12,BF,1680378397
74,lima,-12.0432,-77.0282,26.14,69,0,5.66,PE,1680377914
75,sibolga,1.7427,98.7792,24.01,92,100,1.66,ID,1680378194
76,atuona,-9.8,-139.0333,26.84,78,19,6.75,PF,1680378398
77,puerto ayora,-0.7393,-90.3518,30.98,85,83,3.13,EC,1680378085
78,adrar,20.5022,-10.0711,28.28,6,0,4.09,MR,1680378106
79,atambua,-9.1061,124.8925,22.45,89,100,1.37,ID,1680378398
80,high level,58.5169,-117.136,-3.94,80,75,2.57,CA,1680378186
81,tabou,4.423,-7.3528,26.47,85,33,2.69,CI,1680378398
82,udachnyy,66.4167,112.4,-13.64,50,100,5.81,RU,1680378257
83,bardiyah,31.7561,25.0865,19.19,38,3,3.11,LY,1680378399
84,cape town,-33.9258,18.4232,18.84,82,0,6.69,ZA,1680377973
85,lethem,3.3803,-59.7968,36.03,30,14,7.48,GY,1680378399
86,fuerte olimpo,-21.0415,-57.8738,34.45,35,0,3.19,PY,1680378399
87,maseru,-29.3167,27.4833,15.0,56,26,1.66,LS,1680378399
88,saint-pierre,-21.3393,55.4781,25.82,83,20,1.54,RE,1680378152
89,pevek,69.7008,170.3133,-23.61,96,100,5.38,RU,1680378117
90,qaanaaq,77.484,-69.3632,-23.32,74,7,1.5,GL,1680378094
91,san patricio,28.017,-97.5169,31.2,52,98,5.77,US,1680378161
92,katsuura,35.1333,140.3,14.01,76,100,6.0,JP,1680378073
93,guerrero negro,27.9769,-114.0611,19.54,47,0,7.42,MX,1680378175
94,mbandaka,0.0487,18.2603,24.22,77,53,1.44,CD,1680378399
95,srednekolymsk,67.45,153.6833,-25.62,99,100,2.9,RU,1680378095
96,umm lajj,25.0213,37.2685,21.14,54,0,5.49,SA,1680378400
97,encruzilhada do sul,-30.5439,-52.5219,21.07,40,0,3.71,BR,1680378400
98,ust-nera,64.5667,143.2,-13.44,98,100,2.14,RU,1680378400
99,makat,47.6469,53.3463,12.98,20,72,8.0,KZ,1680378400
100,kodiak,57.79,-152.4072,2.73,44,0,11.83,US,1680378161
101,hasaki,35.7333,140.8333,13.45,55,79,5.73,JP,1680378117
102,vaini,-21.2,-175.2,25.09,88,20,2.57,TO,1680378076
103,yulara,-25.2406,130.9889,14.88,79,20,3.08,AU,1680378100
104,upernavik,72.7868,-56.1549,-26.87,96,39,4.97,GL,1680378106
105,caldwell,43.6629,-116.6874,8.93,85,100,11.83,US,1680378401
106,la reforma,25.0833,-108.05,30.0,31,100,6.95,MX,1680378401
107,saint-philippe,-21.3585,55.7679,25.77,82,45,5.25,RE,1680378111
108,inhambane,-23.865,35.3833,23.03,86,6,2.57,MZ,1680378401
109,darhan,49.4867,105.9228,-8.62,63,100,9.06,MN,1680378401
110,ponta do sol,32.6667,-17.1,22.06,67,1,3.81,PT,1680378143
111,port elizabeth,-33.918,25.5701,20.16,89,0,4.63,ZA,1680378097
112,barrow,71.2906,-156.7887,-16.99,100,100,2.06,US,1680378075
113,mahebourg,-20.4081,57.7,26.25,83,20,3.09,MU,1680378147
114,rangapara,26.8167,92.65,17.94,90,99,2.26,IN,1680378401
115,avarua,-21.2078,-159.775,27.03,83,40,4.12,CK,1680378401
116,mount hagen,-5.8581,144.2274,14.03,97,58,0.83,PG,1680378401
117,omsukchan,62.5333,155.8,-12.0,97,99,0.69,RU,1680378195
118,clyde river,70.4692,-68.5914,-21.87,77,20,5.66,CA,1680378033
119,port saint lucie,27.2939,-80.3503,32.99,51,40,5.66,US,1680378402
120,richards bay,-28.783,32.0377,21.18,91,3,1.68,ZA,1680378402
121,krasnoselkup,65.7,82.4667,0.03,95,100,11.22,RU,1680378402
122,rincon,32.296,-81.2354,27.98,47,100,8.23,US,1680378402
123,miranda,3.2499,-76.2281,31.07,65,83,0.68,CO,1680378403
124,bengkulu,-3.8004,102.2655,23.31,89,100,1.82,ID,1680377857
125,cidreira,-30.1811,-50.2056,21.73,61,89,6.23,BR,1680378075
126,palmer,42.1584,-72.3287,18.41,80,100,3.58,US,1680378136
127,atar,20.5169,-13.0499,31.89,6,0,3.97,MR,1680378403
128,bredasdorp,-34.5322,20.0403,16.71,95,0,2.32,ZA,1680378084
129,namatanai,-3.6667,152.4333,25.43,79,100,1.19,PG,1680378165
130,bambous virieux,-20.3428,57.7575,26.23,83,20,3.09,MU,1680378403
131,pacific grove,36.6177,-121.9166,17.9,58,0,3.6,US,1680377977
132,victoria,22.2855,114.1577,22.03,91,99,4.92,HK,1680377894
133,port macquarie,-31.4333,152.9167,15.97,90,31,4.07,AU,1680378404
134,kamaishi,39.2667,141.8833,5.09,82,28,3.2,JP,1680378404
135,kamenka,51.3223,42.7678,4.83,77,10,2.57,RU,1680378404
136,harker heights,31.0835,-97.6597,26.8,23,0,2.57,US,1680378183
137,madingou,-4.1536,13.55,23.54,94,100,1.61,CG,1680378404
138,sinnamary,5.3833,-52.95,26.88,72,87,5.07,GF,1680378190
139,bairiki,1.3292,172.9752,24.0,94,75,6.17,KI,1680378405
140,merritt island,28.5392,-80.672,32.23,48,20,5.14,US,1680378108
141,tuy hoa,13.0833,109.3,21.92,90,79,1.6,VN,1680378190
142,ghanzi,-21.5667,21.7833,25.06,41,86,3.49,BW,1680378405
143,cap malheureux,-19.9842,57.6142,26.37,74,7,2.24,MU,1680378405
144,bethel,41.3712,-73.414,22.79,70,75,3.09,US,1680378089
145,torbay,47.6666,-52.7314,5.42,50,40,8.23,CA,1680378127
146,aykhal,66.0,111.5,-15.84,93,100,9.38,RU,1680378170
147,pacifica,37.6138,-122.4869,17.91,64,20,4.12,US,1680378239
148,port hardy,50.6996,-127.4199,6.0,93,75,2.06,CA,1680378162
149,isabela,6.7085,121.9711,25.84,84,100,1.86,PH,1680378406
150,eenhana,-17.4667,16.3333,22.81,64,99,2.27,NA,1680378406
151,ahipara,-35.1667,173.1667,17.91,92,100,0.45,NZ,1680378084
152,dikson,73.5069,80.5464,-11.95,98,100,3.38,RU,1680378078
153,khandyga,62.6667,135.6,-15.48,95,100,2.65,RU,1680378186
154,ilulissat,69.2167,-51.1,-11.99,72,20,2.57,GL,1680378148
155,khatanga,71.9667,102.5,-7.0,93,100,9.31,RU,1680378086
156,xihua,33.7833,114.5167,12.22,82,53,4.64,CN,1680378406
157,bronnoysund,65.4625,12.1997,0.0,64,32,3.13,NO,1680378166
158,ouallam,14.3188,2.0866,30.66,9,61,4.3,NE,1680378406
159,vestmanna,62.1564,-7.1664,5.51,93,100,5.14,FO,1680378407
160,machali,-34.1833,-70.6667,28.6,20,0,6.17,CL,1680378407
161,paramonga,-10.6667,-77.8333,25.71,77,100,3.49,PE,1680378407
162,porto novo,6.4965,2.6036,28.9,77,100,3.27,BJ,1680378407
163,salalah,17.0151,54.0924,28.05,83,75,4.12,OM,1680378407
164,champerico,14.3,-91.9167,35.3,60,99,5.99,GT,1680378158
165,mercedes,-34.6515,-59.4307,23.69,22,9,3.69,AR,1680378407
166,eirunepe,-6.6603,-69.8736,25.36,91,100,1.44,BR,1680378407
167,tarakan,3.3,117.6333,26.21,81,100,2.92,ID,1680378172
168,hamilton,39.1834,-84.5333,7.71,63,100,13.89,US,1680378030
169,seoul,37.5683,126.9778,9.78,72,20,1.03,KR,1680378408
170,inuvik,68.3499,-133.7218,-15.52,55,20,2.57,CA,1680378408
171,kruisfontein,-34.0033,24.7314,15.42,69,1,2.53,ZA,1680378099
172,formosa,-26.1775,-58.1781,28.99,54,0,2.57,AR,1680378188
173,catalao,-18.1658,-47.9464,25.24,69,93,2.33,BR,1680378408
174,castro,-24.7911,-50.0119,23.8,72,61,1.01,BR,1680378077
175,mount gambier,-37.8333,140.7667,7.96,88,18,0.59,AU,1680378188
176,mukhen,48.1,136.1,2.06,71,8,1.99,RU,1680378409
177,glendive,47.1053,-104.7125,9.79,53,0,5.66,US,1680378409
178,anadyr,64.75,177.4833,-15.72,84,0,12.0,RU,1680377837
179,pimenta bueno,-11.6725,-61.1936,29.5,72,96,2.18,BR,1680378409
180,nikolskoye,59.7035,30.7861,0.94,96,100,2.46,RU,1680378121
181,oussouye,12.485,-16.5469,24.89,68,32,4.29,SN,1680378410
182,macduff,57.6701,-2.4969,5.31,85,100,4.71,GB,1680378410
183,moron,-34.6534,-58.6198,23.86,62,14,3.1,AR,1680378410
184,raudeberg,61.9875,5.1352,3.37,75,38,1.52,NO,1680378154
185,zaysan,47.4667,84.8667,-5.14,49,15,3.71,KZ,1680378410
186,ancud,-41.8697,-73.8203,13.7,79,67,3.25,CL,1680378166
187,huaraz,-9.5333,-77.5333,13.67,78,100,2.05,PE,1680378410
188,deputatskiy,69.3,139.9,-32.98,100,51,2.63,RU,1680378198
189,ishim,56.1128,69.4902,-1.33,73,29,5.97,RU,1680378411
190,nandaime,11.757,-86.0529,33.48,31,100,7.03,NI,1680378411
191,marsh harbour,26.5412,-77.0636,24.9,75,28,6.59,BS,1680378105
192,lavrentiya,65.5833,-171.0,-3.95,95,100,2.93,RU,1680378176
193,lufilufi,-13.8745,-171.5986,25.88,73,100,2.27,WS,1680378411
194,faanui,-16.4833,-151.75,27.93,72,1,3.29,PF,1680378081
195,patur,20.45,76.9333,26.72,30,21,2.13,IN,1680378411
196,tiznit,29.5833,-9.5,23.05,33,0,0.71,MA,1680378411
197,den helder,52.9599,4.7593,7.79,88,100,11.32,NL,1680378213
198,cockeysville,39.4812,-76.6439,25.53,50,6,2.24,US,1680378411
199,abu kamal,34.4506,40.9171,14.7,38,5,2.42,SY,1680378412
200,vao,-22.6667,167.4833,25.66,82,31,5.0,NC,1680378170
201,ayr,55.4627,-4.6339,7.99,76,75,2.57,GB,1680378412
202,kaspiyskiy,45.3929,47.3707,5.05,89,100,9.51,RU,1680378412
203,tambopata,-12.7333,-69.1833,26.94,83,75,3.09,PE,1680378412
204,sulat,11.8103,125.4544,24.58,90,45,2.35,PH,1680378413
205,todos santos,23.45,-110.2167,25.25,60,100,3.57,MX,1680378413
206,port lincoln,-34.7333,135.8667,14.12,66,20,4.7,AU,1680378079
207,solnechnyy,50.7214,136.6319,-1.79,86,49,1.91,RU,1680378413
208,fortuna,40.5982,-124.1573,11.63,91,100,0.45,US,1680378115
209,vila velha,-20.3297,-40.2925,27.97,78,40,1.03,BR,1680378154
210,pemangkat,1.1667,108.9667,25.39,83,74,1.58,ID,1680378413
211,baoning,25.3378,110.026,18.92,100,75,2.0,CN,1680378413
212,cabo san lucas,22.8909,-109.9124,31.61,55,40,3.09,MX,1680378117
213,batticaloa,7.7102,81.6924,25.69,85,2,2.92,LK,1680378126
214,shadrinsk,56.0852,63.6335,0.76,77,49,5.05,RU,1680378413
215,ayagoz,47.9714,80.4392,-10.03,69,0,6.43,KZ,1680378413
216,mackay,-21.15,149.2,24.27,92,62,1.83,AU,1680377855
217,morondava,-20.2833,44.2833,26.74,82,97,3.31,MG,1680378414
218,san buenaventura,27.0833,-101.5333,24.44,33,100,3.62,MX,1680378414
219,carthage,36.8611,10.3316,16.74,55,40,4.12,TN,1680378414
220,loiza,18.4313,-65.8802,29.89,63,20,8.75,PR,1680378415
221,westport,41.1415,-73.3579,22.01,81,75,7.2,US,1680378229
222,urusha,54.05,122.9,-6.63,74,100,3.67,RU,1680378169
223,kununurra,-15.7667,128.7333,24.99,88,5,1.54,AU,1680378110
224,monrovia,6.3005,-10.7969,27.87,83,57,2.57,LR,1680378415
225,safranbolu,41.2508,32.6942,10.73,72,96,1.07,TR,1680378415
226,pamyat parizhskoy kommuny,56.1048,44.4952,3.97,87,100,2.96,RU,1680378415
227,puerto plata,19.7934,-70.6884,33.95,65,20,8.75,DO,1680378416
228,kaseda,31.4167,130.3167,15.94,77,100,4.05,JP,1680378416
229,saint-gabriel,46.3001,-73.3824,1.34,100,100,1.5,CA,1680378416
230,meiganga,6.5167,14.3,23.77,54,66,1.72,CM,1680378416
231,hermiston,45.8404,-119.2895,13.49,45,20,10.8,US,1680378397
232,luderitz,-26.6481,15.1594,16.45,90,11,2.11,NA,1680378119
233,yerbogachen,61.2767,108.0108,-26.8,100,19,1.72,RU,1680378189
234,ola,59.5833,151.2833,-3.25,97,97,2.09,RU,1680378417
235,klaksvik,62.2266,-6.589,6.51,90,98,8.86,FO,1680378097
236,saldanha,-33.0117,17.9442,17.03,86,0,5.24,ZA,1680378130
237,santa fe,-31.6333,-60.7,26.12,40,0,4.02,AR,1680378415
238,broome,42.2506,-75.833,21.68,37,2,5.36,US,1680378167
239,mwinilunga,-11.7358,24.4293,16.7,98,100,1.49,ZM,1680378417
240,lac du bonnet,50.2536,-96.0612,2.45,58,65,4.08,CA,1680378135
241,sorong,-0.8833,131.25,26.32,81,100,1.65,ID,1680378165
242,khani,41.9563,42.9566,-0.24,73,85,2.08,GE,1680378417
243,langenburg,49.2544,9.8458,8.76,84,100,7.72,DE,1680378418
244,sembakung,3.8167,117.25,22.88,99,100,0.98,ID,1680378418
245,geraldton,-28.7667,114.6,18.23,94,40,1.03,AU,1680378198
246,dutlwe,-23.9833,23.9,25.0,36,61,1.63,BW,1680378418
247,kallaste,58.655,27.1592,0.13,95,82,5.32,EE,1680378418
248,kaspiysk,42.8816,47.6392,7.1,75,75,8.05,RU,1680378410
249,chapais,49.7834,-74.8492,-3.12,89,100,6.12,CA,1680378169
250,dali,25.7,100.1833,10.28,84,73,2.43,CN,1680378200
251,san luis,-33.295,-66.3356,24.16,43,100,4.85,AR,1680378316
252,klichka,50.4457,117.996,-1.71,76,81,2.33,RU,1680378419
253,lompoc,34.6391,-120.4579,20.38,64,0,9.39,US,1680378159
254,mormugao,15.4,73.8,25.59,61,91,4.12,IN,1680378419
255,benguela,-12.5763,13.4055,25.83,80,39,0.44,AO,1680378419
256,mitsamiouli,-11.3847,43.2844,27.89,77,79,4.22,KM,1680378419
257,hohhot,40.8106,111.6522,13.16,54,20,3.0,CN,1680378419
258,leningradskiy,69.3833,178.4167,-16.07,92,100,12.51,RU,1680378132
259,nampula,-15.1165,39.2666,23.97,83,75,3.6,MZ,1680378419
260,malanje,-9.5402,16.341,17.38,94,87,1.46,AO,1680378419
261,bubaque,11.2833,-15.8333,25.32,75,0,8.38,GW,1680378126
262,naryan-mar,67.6713,53.087,-13.46,98,93,3.19,RU,1680378148
263,somerset east,-32.7217,25.588,14.96,87,6,1.49,ZA,1680378420
264,mount isa,-20.7333,139.5,23.87,35,75,3.6,AU,1680378363
265,kamphaeng phet,16.25,99.5,26.6,53,100,0.72,TH,1680378420
266,hokitika,-42.7167,170.9667,14.91,87,12,3.88,NZ,1680378420
267,lagoa,39.05,-27.9833,15.9,88,100,10.64,PT,1680377989
268,chimbote,-9.0853,-78.5783,26.6,73,100,4.32,PE,1680378420
269,ingham,42.6,-84.3833,4.24,81,100,6.17,US,1680378129
270,ostrovnoy,68.0531,39.5131,-7.21,86,81,3.66,RU,1680378163
271,mehriz,31.5917,54.4318,12.28,21,0,2.71,IR,1680378420
272,laguna,38.421,-121.4238,17.95,54,53,2.68,US,1680378414
273,mafinga,-7.25,35.0667,18.34,92,17,1.84,TZ,1680378421
274,kutum,14.2,24.6667,21.07,11,11,4.25,SD,1680378416
275,nouadhibou,20.931,-17.0347,32.99,19,0,6.17,MR,1680378239
276,narsaq,60.9167,-46.05,1.12,77,81,0.98,GL,1680378125
277,plettenberg bay,-34.0527,23.3716,16.97,76,0,1.14,ZA,1680378421
278,marquette,46.5333,-87.6335,-0.97,76,11,5.36,US,1680378421
279,sitka,57.0531,-135.33,3.94,81,40,3.09,US,1680378107
280,mundybash,53.211,87.2983,-12.5,87,14,1.52,RU,1680378421
281,sechura,-5.5569,-80.8222,30.96,56,79,5.46,PE,1680378421
282,jalingo,8.8833,11.3667,30.33,14,27,0.06,NG,1680378089
283,dunedin,-45.8742,170.5036,12.87,84,30,5.48,NZ,1680378321
284,paamiut,61.994,-49.6678,-3.38,68,100,5.17,GL,1680378422
285,madoc,44.5084,-77.4745,13.86,74,35,5.0,CA,1680378422
286,namibe,-15.1961,12.1522,24.59,81,97,2.62,AO,1680378200
287,chato,-2.6378,31.7669,17.53,90,19,1.6,TZ,1680378422
288,manono,-7.3,27.4167,19.96,93,64,0.87,CD,1680378422
289,codrington,-38.2667,141.9667,11.75,70,77,1.18,AU,1680378422
290,novozavidovskiy,56.55,36.4333,3.47,97,100,2.55,RU,1680378423
291,nhulunbuy,-12.2333,136.7667,24.34,94,78,1.54,AU,1680378423
292,goderich,43.7501,-81.7165,2.73,93,100,7.72,CA,1680378319
293,havre-saint-pierre,50.2334,-63.5986,1.2,80,100,5.66,CA,1680378423
294,gamba,-2.65,10.0,24.19,90,95,1.93,GA,1680378423
295,saint george,37.1041,-113.5841,16.91,33,0,2.24,US,1680378102
296,turukhansk,65.8167,87.9833,-7.4,94,100,10.95,RU,1680378423
297,muravlenko,63.7898,74.523,1.11,85,100,10.97,RU,1680378097
298,port arthur,38.8,121.2667,8.12,66,0,2.02,CN,1680378283
299,pierre,44.3683,-100.351,2.7,65,0,8.94,US,1680378304
300,takoradi,4.8845,-1.7554,27.16,82,19,3.56,GH,1680378160
301,ovsyanka,55.9575,92.5519,-17.1,97,25,1.11,RU,1680378424
302,camacha,33.0833,-16.3333,16.68,82,20,4.63,PT,1680378424
303,muriwai beach,-36.8167,174.45,17.46,97,100,1.38,NZ,1680378424
304,saskylakh,71.9167,114.0833,-9.69,93,100,7.42,RU,1680378087
305,karakol,42.4907,78.3936,2.41,30,0,2.83,KG,1680378424
306,chubbuck,42.9208,-112.4661,7.94,58,100,5.36,US,1680378424
307,abu dhabi,24.4667,54.3667,23.06,74,20,5.14,AE,1680378135
308,longyearbyen,78.2186,15.6401,-12.09,72,75,4.63,SJ,1680377776
309,rutland,43.6167,-73.0162,18.74,56,0,6.17,US,1680378425
310,padang,-0.9492,100.3543,24.35,87,100,1.44,ID,1680378137
311,moose factory,51.2585,-80.6094,-9.0,48,0,5.14,CA,1680378425
312,puerto quijarro,-17.7833,-57.7667,30.1,58,96,0.46,BO,1680378425
313,san francisco,37.7749,-122.4194,17.95,64,20,4.47,US,1680378286
314,los llanos de aridane,28.6585,-17.9182,18.86,78,0,6.69,ES,1680377866
315,olafsvik,64.8945,-23.7142,3.91,85,74,9.86,IS,1680378178
316,hofn,64.2539,-15.2082,4.7,76,1,3.69,IS,1680378196
317,iqaluit,63.7506,-68.5145,-12.15,72,75,2.57,CA,1680378155
318,nelson bay,-32.7167,152.15,16.11,96,77,4.92,AU,1680378189
319,poum,-20.2333,164.0167,25.5,75,1,0.62,NC,1680378134
320,mogadishu,2.0371,45.3438,27.7,75,18,6.51,SO,1680378028
321,leshukonskoye,64.8989,45.7622,-7.26,97,100,1.48,RU,1680378426
322,hobyo,5.3505,48.5268,28.69,75,93,6.1,SO,1680378096
323,tocopilla,-22.092,-70.1979,23.69,76,17,2.53,CL,1680378113
324,saint anthony,45.0205,-93.218,2.3,65,0,3.09,US,1680378290
325,ferme-neuve,46.7001,-75.4493,0.84,99,100,2.71,CA,1680378426
326,denia,38.8408,0.1057,22.19,47,1,4.02,ES,1680378426
327,yarmouth,41.7057,-70.2286,13.26,98,100,10.8,US,1680378426
328,norman wells,65.282,-126.8329,-11.98,72,100,1.03,CA,1680378104
329,yarada,17.65,83.2667,26.18,100,40,1.03,IN,1680378427
330,cervo,43.6702,-7.4101,11.65,74,33,4.52,ES,1680378427
331,santiago del estero,-27.7951,-64.2615,19.5,48,100,2.08,AR,1680378178
332,manggar,-2.8833,108.2667,25.41,83,50,1.05,ID,1680378427
333,great yarmouth,52.6083,1.7305,7.14,91,100,8.95,GB,1680378427
334,pundaguitan,6.3711,126.1689,26.73,80,100,2.54,PH,1680378197
335,sisimiut,66.9395,-53.6735,-10.65,71,17,4.23,GL,1680378428
336,araxa,-19.5933,-46.9406,24.07,70,88,2.93,BR,1680378064
337,kahului,20.8947,-156.47,26.58,70,20,2.24,US,1680378428
338,tungor,53.3808,142.9564,-2.55,91,20,3.75,RU,1680378428
339,pemba,-12.974,40.5178,25.39,88,75,4.12,MZ,1680378428
340,maraba,-5.3686,-49.1178,31.1,66,40,2.06,BR,1680378428
341,sorland,67.667,12.6934,1.92,57,17,5.86,NO,1680378130
342,aleksandrov gay,50.147,48.5704,7.52,64,100,5.13,RU,1680378428
343,bela,25.9333,81.9833,21.62,63,2,0.98,IN,1680378429
344,korla,41.7597,86.1469,6.35,18,0,3.71,CN,1680378145
345,biltine,14.5333,20.9167,28.13,12,80,4.72,TD,1680378092
346,hirara,24.8,125.2833,20.92,83,100,6.17,JP,1680378205
347,christchurch,-43.5333,172.6333,17.49,72,100,1.03,NZ,1680378266
348,lazaro cardenas,17.9583,-102.2,29.6,47,30,5.0,MX,1680378192
349,rio gallegos,-51.6226,-69.2181,14.03,38,40,12.35,AR,1680377969
350,kulhudhuffushi,6.6221,73.07,28.75,61,86,2.62,MV,1680378429
351,tadine,-21.55,167.8833,25.83,82,5,3.2,NC,1680378429
352,waspan,14.7419,-83.9717,33.07,38,11,5.29,NI,1680378429
353,vila franca do campo,37.7167,-25.4333,18.23,86,100,6.43,PT,1680378115
354,tilichiki,60.4667,166.1,-10.54,97,87,1.63,RU,1680378072
355,horsham,51.064,-0.3272,9.84,77,75,4.63,GB,1680378387
356,mandan,46.8267,-100.8896,3.78,72,0,5.66,US,1680378430
357,iberia,29.9502,-91.7507,32.04,35,20,4.63,US,1680378430
358,gat,31.61,34.7642,14.34,100,0,1.97,IL,1680378110
359,auki,-8.7676,160.7034,25.68,85,100,0.55,SB,1680378430
360,sukhumi,43.0033,41.0153,6.74,77,3,2.35,GE,1680378298
361,maneadero,31.7167,-116.5667,16.72,70,51,1.79,MX,1680378431
362,bilibino,68.0546,166.4372,-27.06,100,99,0.74,RU,1680378172
363,kipushi,-11.7667,27.2333,14.79,99,100,1.44,CD,1680378431
364,florence,43.7667,11.25,13.62,76,20,2.06,IT,1680378202
365,sokoto,13.0609,5.239,29.93,9,100,4.54,NG,1680378431
366,muzhi,65.3667,64.6667,2.08,91,100,8.58,RU,1680378432
367,otavi,-19.65,17.3333,23.97,36,86,2.15,NA,1680378432
368,hoquiam,46.9809,-123.8893,9.44,76,75,4.63,US,1680378188
369,zhigansk,66.7697,123.3711,-26.27,100,92,4.18,RU,1680378131
370,avera,33.194,-82.5271,25.21,53,100,7.57,US,1680378432
371,tiarei,-17.5333,-149.3333,31.01,77,5,4.74,PF,1680378432
372,kassala,15.451,36.4,27.84,20,97,3.7,SD,1680378432
373,ugoofaaru,5.6667,73.0,28.25,67,17,3.53,MV,1680378433
374,fairbanks,64.8378,-147.7164,-5.51,60,0,0.45,US,1680378178
375,sabratah,32.7933,12.4885,19.94,57,100,5.5,LY,1680378433
376,praia da vitoria,38.7333,-27.0667,18.2,88,40,7.11,PT,1680378433
377,praya,14.9215,-23.5087,31.3,25,0,6.69,CV,1680378434
378,kawalu,-7.3817,108.2082,22.43,94,100,1.06,ID,1680378434
379,dillon,34.4166,-79.3712,24.03,74,95,9.55,US,1680378242
380,alofi,-19.0595,-169.9187,26.94,83,80,6.17,NU,1680378116
381,mago,53.2514,140.1822,-5.25,95,17,0.61,RU,1680378434
382,grand gaube,-20.0064,57.6608,26.32,74,8,1.34,MU,1680378163
383,am timan,11.0297,20.2827,30.52,12,7,2.62,TD,1680378434
384,souillac,-20.5167,57.5167,26.21,83,20,3.09,MU,1680378131
385,alyangula,-13.8483,136.4192,27.03,75,77,1.49,AU,1680378435
386,ribeira grande,38.5167,-28.7,18.22,82,20,10.28,PT,1680378085
387,kabo,7.6994,18.629,30.42,28,59,1.66,CF,1680378435
388,malasugui,14.1439,122.8471,23.99,92,60,0.11,PH,1680378435
389,rio grande,-32.035,-52.0986,24.06,53,7,7.51,BR,1680378435
390,sept-iles,50.2001,-66.3821,0.03,91,100,8.23,CA,1680378256
391,logrono,42.4667,-2.45,9.72,46,20,8.23,ES,1680378436
392,arica,-18.475,-70.3042,30.75,65,0,6.17,CL,1680378436
393,wilmington,34.2257,-77.9447,23.33,70,99,3.58,US,1680378396
394,morro bay,35.3658,-120.8499,19.76,65,5,4.02,US,1680378436
395,nicoya,10.1483,-85.452,33.86,38,61,6.56,CR,1680378436
396,andenes,69.3143,16.1194,-0.04,64,20,5.66,NO,1680378151
397,staryy nadym,65.6118,72.6842,0.61,98,100,8.02,RU,1680378436
398,the valley,18.217,-63.0578,27.92,69,40,7.2,AI,1680378436
399,nuuk,64.1835,-51.7216,-2.66,59,40,6.71,GL,1680378437
400,talara,-4.5772,-81.2719,31.42,62,75,5.14,PE,1680378437
401,conceicao do araguaia,-8.2578,-49.2647,26.88,81,88,2.82,BR,1680378437
402,northam,51.0333,-4.2167,9.23,88,9,7.22,GB,1680378241
403,high rock,26.6208,-78.2833,28.01,74,26,5.13,BS,1680378438
404,matara,5.9485,80.5353,25.0,87,55,0.96,LK,1680378438
405,arman,59.7,150.1667,-3.32,97,100,1.15,RU,1680378105
406,banepa,27.6298,85.5214,10.07,93,20,1.03,NP,1680378438
407,okahandja,-21.9833,16.9167,19.92,24,11,2.26,NA,1680378438
408,portland,45.5234,-122.6762,9.51,84,100,6.17,US,1680377934
409,alugan,12.2188,125.4808,25.17,82,28,1.83,PH,1680378438
410,aripuana,-9.1667,-60.6333,26.45,88,100,0.8,BR,1680378438
411,thai binh,20.45,106.3333,23.19,96,89,2.6,VN,1680378439
412,tromso,69.6496,18.957,-1.99,69,75,5.14,NO,1680378439
413,la ronge,55.1001,-105.2842,-2.86,68,100,6.69,CA,1680378439
414,paita,-5.0892,-81.1144,28.59,67,85,5.5,PE,1680378439
415,pisco,-13.7,-76.2167,25.03,78,0,3.6,PE,1680378157
416,kedrovyy,56.1667,91.8167,-17.77,99,13,0.96,RU,1680378195
417,machiques,10.0644,-72.545,33.7,43,100,5.64,VE,1680378440
418,jian,27.1172,114.9793,18.29,83,5,1.33,CN,1680378440
419,winslow,35.0242,-110.6974,14.1,21,0,1.54,US,1680378440
420,roma,43.2128,-75.4557,21.09,29,0,2.57,US,1680378143
421,moranbah,-22.0016,148.0466,20.9,90,100,6.07,AU,1680378440
422,qasigiannguit,68.8193,-51.1922,-11.86,94,33,0.74,GL,1680378440
423,san jose,37.3394,-121.895,18.65,47,20,2.68,US,1680378006
424,sabha,27.0377,14.4283,21.48,11,0,3.33,LY,1680378440
425,lazarev,52.225,141.5131,-2.7,97,100,6.84,RU,1680378441
426,dong hoi,17.4833,106.6,23.84,94,2,1.81,VN,1680378441
427,concepcion,-36.827,-73.0498,21.89,60,0,6.69,CL,1680378308
428,mehamn,71.0357,27.8492,-2.03,69,100,11.32,NO,1680378151
429,kiunga,-6.1219,141.2906,22.35,100,83,0.35,PG,1680378441
430,kyra,49.5776,111.9753,-6.87,86,100,3.41,RU,1680378441
431,asau,46.4333,26.4,7.51,91,100,0.81,RO,1680378441
432,baykit,61.67,96.37,-22.3,100,81,0.41,RU,1680378441
433,los banos,14.1667,121.1833,26.27,87,98,0.43,PH,1680378441
434,tres picos,15.8667,-93.5333,32.26,55,17,4.57,MX,1680378441
435,khash,28.2211,61.2158,17.04,42,0,8.68,IR,1680378442
436,forbes,-33.3833,148.0167,9.95,73,0,2.56,AU,1680378442
437,umea,63.8284,20.2597,-0.04,74,0,3.09,SE,1680378418
438,kingaroy,-26.5333,151.8333,12.77,61,79,1.56,AU,1680378442
439,belmonte,-15.8631,-38.8828,27.21,71,0,4.86,BR,1680378120
440,sawtell,-30.3833,153.1,18.01,82,100,3.6,AU,1680378442
441,thinadhoo,0.5333,72.9333,27.53,76,94,2.07,MV,1680378150
442,aitape,-3.1374,142.3475,24.95,87,98,1.87,PG,1680378442
443,huaibei,33.9744,116.7917,10.48,88,0,3.71,CN,1680378443
444,yinchuan,38.4681,106.2731,9.77,56,100,6.91,CN,1680378443
445,ligayan,4.6533,119.4706,26.76,80,100,6.28,PH,1680378443
446,tyrma,50.0833,132.1667,0.29,74,97,1.35,RU,1680378443
447,marsa matruh,31.3525,27.2453,17.11,55,0,2.57,EG,1680378118
448,jinchang,38.4953,102.1739,2.31,73,100,4.44,CN,1680378443
449,vangaindrano,-23.35,47.6,22.69,95,100,3.08,MG,1680378443
450,mangaldai,26.4333,92.0333,19.13,87,96,1.21,IN,1680378443
451,lamu,-2.2717,40.902,29.12,81,10,5.94,KE,1680378444
452,santa lucia,27.9117,-15.5407,18.2,73,20,11.83,ES,1680378444
453,fukue,32.6881,128.8419,15.2,80,77,10.37,JP,1680378444
454,katangli,51.7102,143.2326,-2.65,98,94,2.14,RU,1680378444
455,vestmannaeyjar,63.4427,-20.2734,5.61,64,100,10.63,IS,1680378137
456,pombia,45.653,8.6336,14.2,44,0,4.12,IT,1680378444
457,kuching,1.55,110.3333,26.68,87,40,0.0,MY,1680378181
458,tsabong,-26.0217,22.401,24.81,40,19,3.83,BW,1680378445
459,alice springs,-23.7,133.8833,15.75,100,100,0.0,AU,1680378172
460,tokoname,34.8833,136.85,13.91,82,75,2.06,JP,1680378445
461,ponta delgada,37.7333,-25.6667,18.4,82,20,7.72,PT,1680378445
462,ha tinh,18.3333,105.9,23.02,96,5,0.42,VN,1680378445
463,sulangan,11.1373,123.7228,27.24,76,100,2.79,PH,1680378445
464,treinta y tres,-33.2333,-54.3833,23.78,35,0,4.98,UY,1680378087
465,paracuru,-3.41,-39.0306,27.28,80,84,3.17,BR,1680378446
466,lata,40.1629,-8.3327,14.95,99,100,1.19,PT,1680378446
467,port-cartier,50.0334,-66.8654,-0.14,97,100,7.31,CA,1680378174
468,whyalla,-33.0333,137.5833,14.44,56,0,3.53,AU,1680378446
469,kuytun,54.3419,101.5036,-13.41,95,32,2.18,RU,1680378446
470,poya,-21.35,165.15,24.74,87,27,0.78,NC,1680378446
471,beringovskiy,63.05,179.3167,-8.49,65,92,12.4,RU,1680378124
472,talnakh,69.4865,88.3972,-8.77,94,100,8.84,RU,1680378043
473,dongying,37.4564,118.4856,12.41,43,0,2.99,CN,1680378446
474,vecses,47.4071,19.2865,12.89,64,0,3.6,HU,1680378446
475,mutis,6.2262,-77.4044,26.72,85,97,1.2,CO,1680378447
476,sale,34.0389,-6.8166,17.08,88,26,2.06,MA,1680378447
477,malakal,9.5334,31.6605,30.18,12,100,2.4,SS,1680378447
478,beyneu,45.3167,55.2,14.37,29,100,5.98,KZ,1680378132
479,sakaiminato,35.55,133.2333,11.99,76,20,8.23,JP,1680378447
480,ucluelet,48.9329,-125.5528,6.17,86,46,1.34,CA,1680378447
481,barcelos,41.5388,-8.6151,14.91,91,23,3.26,PT,1680378448
482,trairi,-3.2778,-39.2689,25.96,85,100,2.82,BR,1680378374
483,silifke,36.3778,33.9344,14.51,74,97,2.85,TR,1680378448
484,san rafael,-34.6177,-68.3301,24.92,26,100,6.14,AR,1680378387
485,rupert,42.6191,-113.6772,8.97,40,100,5.66,US,1680378240
486,jalu,29.0331,21.5482,21.53,16,0,3.07,LY,1680378106
487,pangnirtung,66.1451,-65.7125,-11.0,48,75,0.0,CA,1680378102
488,galle,6.0367,80.217,25.56,84,44,1.69,LK,1680378448
489,bastrop,32.7562,-91.8724,26.82,22,0,3.6,US,1680378275
490,gazojak,41.1875,61.4036,16.01,57,100,10.35,TM,1680378449
491,ngunguru,-35.6167,174.5,18.01,90,100,1.53,NZ,1680378449
492,margate,51.3813,1.3862,8.83,87,100,4.02,GB,1680378114
493,mahasamund,21.1,82.1,27.08,32,33,1.64,IN,1680378449
494,mayahi,13.9553,7.6712,26.71,11,92,5.24,NE,1680378449
495,tikhvin,59.6451,33.5294,0.12,99,100,2.11,RU,1680378449
496,hurghada,27.2574,33.8129,19.02,52,0,5.14,EG,1680378450
497,along,28.1667,94.7667,15.67,97,89,0.36,IN,1680378450
498,zhangye,38.9342,100.4517,4.74,29,100,3.96,CN,1680378450
499,leh,34.1667,77.5833,-4.38,90,99,2.26,IN,1680378450
500,cherskiy,68.75,161.3,-32.69,100,100,1.8,RU,1680378147
501,wuda,39.4994,106.7117,8.04,35,100,8.87,CN,1680378450
502,alta gracia,-31.6529,-64.4283,24.75,36,45,5.9,AR,1680378450
503,homer,59.6425,-151.5483,1.93,50,0,4.02,US,1680378451
504,comodoro rivadavia,-45.8667,-67.5,23.92,20,0,12.86,AR,1680378451
505,caravelas,-17.7125,-39.2481,27.43,72,0,3.93,BR,1680378120
506,quelimane,-17.8786,36.8883,23.52,82,100,1.85,MZ,1680378195
507,kroya,-7.6331,109.2461,25.1,88,100,1.33,ID,1680378451
508,sabzevar,36.2126,57.6819,11.96,52,58,1.03,IR,1680378139
509,agadez,19.75,10.25,21.82,6,1,2.92,NE,1680378451
510,san vicente,-26.6167,-54.1333,25.31,27,0,2.68,AR,1680378451
511,petropavlovsk-kamchatskiy,53.0452,158.6483,-4.01,74,0,3.0,RU,1680378118
512,togur,58.3631,82.8265,-6.07,86,98,4.47,RU,1680378452
513,mount holly,35.2982,-81.0159,26.6,49,40,8.75,US,1680378452
514,ayan,56.45,138.1667,-5.93,94,98,1.85,RU,1680378116
515,sola,-13.8833,167.55,28.15,70,99,4.25,VU,1680378141
516,khuzdar,27.7384,66.6434,17.92,61,0,3.35,PK,1680378452
517,belen,36.4891,36.2233,10.08,72,75,1.54,TR,1680378452
518,coahuayana,18.7333,-103.6833,32.68,32,98,3.69,MX,1680378172
519,sunrise manor,36.2111,-115.0731,20.41,21,0,3.09,US,1680378453
520,verkhnevilyuysk,63.4453,120.3167,-24.29,99,49,2.08,RU,1680378453
521,port hedland,-20.3167,118.5667,26.03,89,19,3.09,AU,1680378453
522,luanda,-8.8368,13.2343,27.0,83,20,2.57,AO,1680378202
523,ostersund,63.1792,14.6357,-1.75,50,6,2.06,SE,1680378454
524,lebanon,36.2081,-86.2911,22.12,30,0,10.29,US,1680378233
525,flagstaff,35.1981,-111.6513,15.81,17,0,6.69,US,1680378311
526,houston,29.7633,-95.3633,32.01,25,0,5.14,US,1680377893
527,amapa,1.0,-52.0,25.25,92,57,2.22,BR,1680378441
528,mingyue,43.1069,128.9217,4.98,81,6,1.42,CN,1680378454
529,san miguel chicaj,15.1,-90.4,26.16,25,1,1.34,GT,1680378454
530,oud-turnhout,51.32,4.9823,10.01,95,100,5.02,BE,1680378454
531,buriti bravo,-5.8372,-43.8336,27.76,75,100,0.4,BR,1680378454
532,linares,-35.85,-71.6,30.01,16,38,5.53,CL,1680378454
533,eisiskes,54.1667,25.0,6.27,96,100,4.07,LT,1680378454
534,fort nelson,58.8053,-122.7002,-2.25,63,100,2.57,CA,1680378455
535,vanimo,-2.6741,141.3028,24.63,89,37,1.86,PG,1680378003
536,yalutorovsk,56.6536,66.3006,-0.1,70,63,6.32,RU,1680378455
537,galesong,-5.3166,119.3661,24.01,85,100,2.46,ID,1680378455
538,kachug,53.9606,105.8817,-14.11,92,55,1.53,RU,1680378455
539,saint-georges,12.0564,-61.7485,26.82,74,75,8.23,GD,1680378389
540,nuevitas,21.5453,-77.2644,28.5,58,0,6.34,CU,1680378456
541,dolores,-36.3132,-57.6792,22.74,22,47,2.77,AR,1680378456
542,kousseri,12.0769,15.0306,33.98,10,12,4.12,CM,1680378456
543,pagegiai,55.1381,21.9089,2.92,84,100,5.4,LT,1680378456
544,ayna,-12.65,-73.9167,17.77,88,91,1.61,PE,1680378456
545,san cristobal,7.7669,-72.225,19.1,86,100,1.9,VE,1680378143
546,makinsk,52.6292,70.4169,-3.32,68,3,3.44,KZ,1680378456
547,kieta,-6.2167,155.6333,25.4,83,100,1.41,PG,1680378187
548,ponferrada,42.5466,-6.5962,7.83,90,31,2.34,ES,1680378456
549,palia kalan,28.45,80.5833,17.82,73,4,0.76,IN,1680378456
550,aklavik,68.2191,-135.0107,-16.0,60,20,0.0,CA,1680378118
551,beyla,8.6833,-8.6333,27.9,37,81,1.04,GN,1680378457
552,dzaoudzi,-12.7887,45.2699,28.94,74,100,4.63,YT,1680378457
553,salinopolis,-0.6136,-47.3561,26.16,84,96,4.08,BR,1680378457
554,hulan ergi,47.2042,123.6333,12.02,45,97,4.17,CN,1680378457
555,abalak,58.1286,68.5944,-0.22,68,54,5.75,RU,1680378457
556,blagoyevo,63.3667,47.9167,-5.74,97,99,1.11,RU,1680378457
557,muros,42.7762,-9.0603,10.69,75,1,4.59,ES,1680378152
558,nichinan,31.6,131.3667,15.82,85,100,6.74,JP,1680378458
559,pastavy,55.1168,26.8326,3.57,97,100,4.37,BY,1680378458
560,cozumel,20.5083,-86.9458,30.53,62,4,3.58,MX,1680378406
561,natal,-5.795,-35.2094,30.36,70,20,6.69,BR,1680378311
562,muroto,33.2833,134.15,16.48,55,100,8.22,JP,1680378458
563,buribay,51.9617,58.1592,0.31,78,75,2.92,RU,1680378458
564,suamico,44.6319,-88.0393,3.75,66,40,9.77,US,1680378458
565,lupiro,-8.3833,36.6667,21.77,94,99,0.6,TZ,1680378458
566,pandan,14.0453,124.1694,24.46,87,99,1.01,PH,1680378458
567,kloulklubed,7.0419,134.2556,23.28,73,100,2.1,PW,1680378158
568,linjiang,41.8069,126.9078,8.17,66,12,0.69,CN,1680378459
569,puerto escondido,15.85,-97.0667,31.46,66,0,3.6,MX,1680378459
570,ibiruba,-28.6275,-53.0897,22.78,26,0,4.27,BR,1680378459
571,dingle,10.9995,122.6711,24.25,86,100,2.18,PH,1680378172
572,balykshi,47.0667,51.8667,12.0,32,75,6.0,KZ,1680378459
573,nsoko,-27.0333,31.95,23.59,97,38,0.42,SZ,1680378460
574,vostok,46.4856,135.8833,-3.03,81,1,1.98,RU,1680378121
575,nalut,30.3333,10.85,22.08,13,0,2.27,LY,1680378130
